{"5": {"accuracy": 0.7683862797155847, "f1": 0.23177155297976715}, "7": {"accuracy": 0.8015807623058376, "f1": 0.0002929132714520721}, "6": {"accuracy": 0.7345026295177353, "f1": 0.09291062085664502}, "8": {"accuracy": 0.7497940126338918, "f1": 0.036108599552414446}}