{"2": {"accuracy": 0.6301077237633129, "f1": 0.25447855531106267}, "3": {"accuracy": 0.9341412993263072, "f1": 0.7739773186850546}, "4": {"accuracy": 0.6598910320964703, "f1": 0.13903346861332594}, "5": {"accuracy": 0.7806495283836672, "f1": 0.21837358107177657}, "6": {"accuracy": 0.7256882835936208, "f1": 0.07553425377589258}, "7": {"accuracy": 0.801105090128252, "f1": 0.0001539562742776242}, "8": {"accuracy": 0.7564348287474689, "f1": 0.05953584605012615}, "10": {"accuracy": 0.738838536421618, "f1": 0.0}}