{"8": {"accuracy": 0.5333333333333333, "f1": 0.0}, "5": {"accuracy": 0.7880681818181816, "f1": 0.0}, "6": {"accuracy": 0.6, "f1": 0.0}, "9": {"accuracy": 0.75, "f1": 0.5454545454545454}}