{"2": {"accuracy": 0.8604166666666666, "f1": 0.9125240460347323}, "3": {"accuracy": 0.9639004149377594, "f1": 0.9090496719310486}, "4": {"accuracy": 0.5079365079365079, "f1": 0.07796189700951606}, "5": {"accuracy": 0.7657377049180327, "f1": 0.0015332690453230473}, "6": {"accuracy": 0.45, "f1": 0.13333333333333336}, "8": {"accuracy": 0.4999999999999999, "f1": 0.03418803418803419}, "9": {"accuracy": 0.6666666666666666, "f1": 0.0}}