{"2": {"accuracy": 0.9577974185673275, "f1": 0.282412482600217}, "3": {"accuracy": 0.9688061879597762, "f1": 0.47837185564269846}, "4": {"accuracy": 0.9428004701733765, "f1": 0.14376620401220866}, "5": {"accuracy": 0.9603683024782055, "f1": 0.058580310089712595}, "6": {"accuracy": 0.9503627702151787, "f1": 0.07736662694984617}}