{"6": {"accuracy": 0.9491323643542273, "f1": 0.08081308876270527}, "5": {"accuracy": 0.9589370044850504, "f1": 0.05535902492636057}, "9": {"accuracy": 0.9281679563783589, "f1": 0.016669517239631833}, "10": {"accuracy": 0.9820746400235087, "f1": 0.21743078799200852}, "8": {"accuracy": 0.9533989617004603, "f1": 0.004182156133828996}, "7": {"accuracy": 0.9560191987462043, "f1": 0.016325957728344487}}