{"7": {"accuracy": 0.6405940594059406, "f1": 0.491511005761273}, "9": {"accuracy": 0.5389438943894389, "f1": 0.33466907451869865}, "11": {"accuracy": 0.5445544554455446, "f1": 0.4050551793855004}, "10": {"accuracy": 0.5341584158415842, "f1": 0.29673583054977154}, "5": {"accuracy": 0.5792079207920792, "f1": 0.5588731162009507}, "6": {"accuracy": 0.46393210749646396, "f1": 0.3193296135642208}, "12": {"accuracy": 0.5243399339933993, "f1": 0.2769891548769506}, "8": {"accuracy": 0.5049504950495051, "f1": 0.4973474493668843}}