{"2": {"accuracy": 0.9297029702970298, "f1": 0.9426373321412175}, "3": {"accuracy": 0.9273267326732673, "f1": 0.8660286438264261}, "4": {"accuracy": 0.585497680202803, "f1": 0.3441313139300021}, "5": {"accuracy": 0.5780192554674051, "f1": 0.338077717552583}, "6": {"accuracy": 0.5983734737110075, "f1": 0.4374369590223111}, "7": {"accuracy": 0.5564759924268289, "f1": 0.33225284397952903}, "8": {"accuracy": 0.5657733464303409, "f1": 0.34354293092596416}, "9": {"accuracy": 0.5812664624538464, "f1": 0.3929560764406225}, "10": {"accuracy": 0.5631856085016785, "f1": 0.3835588682885889}, "11": {"accuracy": 0.5796947446524916, "f1": 0.4579574740732631}, "12": {"accuracy": 0.5402476194082123, "f1": 0.4977035725352324}}