{"2": {"accuracy": 0.7441245593419505, "f1": 0.8218397114768936}, "3": {"accuracy": 0.9697928157749587, "f1": 0.9046649493146219}, "4": {"accuracy": 0.6204954954954955, "f1": 0.3948108959426202}}