{"animals": 1.0, "family": 0.8452970297029703, "lymphography": 0.9831081081081081, "nctrer": 0.9719142645971914, "suramin": 0.6928499496475328}